86,,,1519,R13,21,A,,15P31A0601,MECH,student,,student@gmail.com,9999999999,15P31A0601,15P31A0601,1
87,,,1519,R13,21,B,,15P31A0602,MECH,student,,student@gmail.com,9999999999,15P31A0602,15P31A0602,1
88,,,1519,R13,21,A,,15P31A0603,MECH,student,,student@gmail.com,9999999999,15P31A0603,15P31A0603,1
89,,,1519,R13,21,A,,15P31A0604,MECH,student,,student@gmail.com,9999999999,15P31A0604,15P31A0604,1
90,,,1519,R13,21,B,,15P31A0605,MECH,student,,student@gmail.com,9999999999,15P31A0605,15P31A0605,1
91,,,1519,R16,11,A,,16P31A0501,CSE,student,,student@gmail.com,9999999999,16P31A0501,16P31A0501,1
92,,,1519,R16,11,A,,16P31A0502,CSE,student,,student@gmail.com,9999999999,16P31A0502,16P31A0502,1
93,,,1519,R16,11,B,,16P31A0503,CSE,student,,student@gmail.com,9999999999,16P31A0503,16P31A0503,1
94,,,1519,R16,11,A,,16P31A0504,CSE,student,,student@gmail.com,9999999999,16P31A0504,16P31A0504,1
95,,,1519,R16,11,B,,16P31A0505,CSE,student,,student@gmail.com,9999999999,16P31A0505,16P31A0505,1
96,,,1519,R16,11,A,,16P31A0401,ECE,student,,student@gmail.com,9999999999,16P31A0401,16P31A0401,1
97,,,1519,R16,11,A,,16P31A0402,ECE,student,,student@gmail.com,9999999999,16P31A0402,16P31A0402,1
98,,,1519,R16,11,B,,16P31A0403,ECE,student,,student@gmail.com,9999999999,16P31A0403,16P31A0403,1
99,,,1519,R16,11,A,,16P31A0404,ECE,student,,student@gmail.com,9999999999,16P31A0404,16P31A0404,1
100,,,1519,R16,11,A,,16P31A0405,ECE,student,,student@gmail.com,9999999999,16P31A0405,16P31A0405,1
101,,,1519,R16,11,B,,16P31A0301,CIVIL,student,,student@gmail.com,9999999999,16P31A0301,16P31A0301,1
102,,,1519,R16,11,A,,16P31A0302,CIVIL,student,,student@gmail.com,9999999999,16P31A0302,16P31A0302,1
103,,,1519,R16,11,A,,16P31A0303,CIVIL,student,,student@gmail.com,9999999999,16P31A0303,16P31A0303,1
104,,,1519,R16,11,B,,16P31A0304,CIVIL,student,,student@gmail.com,9999999999,16P31A0304,16P31A0304,1
105,,,1519,R16,11,A,,16P31A0305,CIVIL,student,,student@gmail.com,9999999999,16P31A0305,16P31A0305,1
106,,,1519,R16,11,B,,16P31A0201,EEE,student,,student@gmail.com,9999999999,16P31A0201,16P31A0201,1
107,,,1519,R16,11,A,,16P31A0202,EEE,student,,student@gmail.com,9999999999,16P31A0202,16P31A0202,1
108,,,1519,R16,11,A,,16P31A0203,EEE,student,,student@gmail.com,9999999999,16P31A0203,16P31A0203,1
109,,,1519,R16,11,B,,16P31A0204,EEE,student,,student@gmail.com,9999999999,16P31A0204,16P31A0204,1
110,,,1519,R16,11,A,,16P31A0205,EEE,student,,student@gmail.com,9999999999,16P31A0205,16P31A0205,1
111,,,1519,R16,11,A,,16P31A0101,IT,student,,student@gmail.com,9999999999,16P31A0101,16P31A0101,1
112,,,1519,R16,11,B,,16P31A0102,IT,student,,student@gmail.com,9999999999,16P31A0102,16P31A0102,1
113,,,1519,R16,11,A,,16P31A0103,IT,student,,student@gmail.com,9999999999,16P31A0103,16P31A0103,1
114,,,1519,R16,11,A,,16P31A0104,IT,student,,student@gmail.com,9999999999,16P31A0104,16P31A0104,1
115,,,1519,R16,11,B,,16P31A0105,IT,student,,student@gmail.com,9999999999,16P31A0105,16P31A0105,1
116,,,1519,R16,11,A,,16P31A0601,MECH,student,,student@gmail.com,9999999999,16P31A0601,16P31A0601,1
117,,,1519,R16,11,B,,16P31A0602,MECH,student,,student@gmail.com,9999999999,16P31A0602,16P31A0602,1
118,,,1519,R16,11,A,,16P31A0603,MECH,student,,student@gmail.com,9999999999,16P31A0603,16P31A0603,1
119,,,1519,R16,11,A,,16P31A0604,MECH,student,,student@gmail.com,9999999999,16P31A0604,16P31A0604,1
120,,,1519,R16,11,B,,16P31A0605,MECH,student,,student@gmail.com,9999999999,16P31A0605,16P31A0605,1
121,,,,,,,,1,CSE,hod,male,Staff@gmail.com,9999999999,FAC1,aditya@123,1
122,,,,,,,,2,CSE,faculty,female,Staff@gmail.com,9999999999,FAC2,aditya@123,1
123,,,,,,,,3,CSE,faculty,male,Staff@gmail.com,9999999999,FAC3,aditya@123,1
124,,,,,,,,4,CSE,faculty,female,Staff@gmail.com,9999999999,FAC4,aditya@123,1
125,,,,,,,,5,CSE,faculty,female,Staff@gmail.com,9999999999,FAC5,aditya@123,1
126,,,,,,,,6,CSE,faculty,female,Staff@gmail.com,9999999999,FAC6,aditya@123,1
127,,,,,,,,7,IT,hod,female,Staff@gmail.com,9999999999,FAC7,aditya@123,1
128,,,,,,,,8,IT,faculty,male,Staff@gmail.com,9999999999,FAC8,aditya@123,1
129,,,,,,,,9,IT,faculty,male,Staff@gmail.com,9999999999,FAC9,aditya@123,1
130,,,,,,,,10,IT,faculty,male,Staff@gmail.com,9999999999,FAC10,aditya@123,1
131,,,,,,,,11,IT,faculty,female,Staff@gmail.com,9999999999,FAC11,aditya@123,1
132,,,,,,,,12,IT,faculty,male,Staff@gmail.com,9999999999,FAC12,aditya@123,1
133,,,,,,,,13,IT,faculty,female,Staff@gmail.com,9999999999,FAC13,aditya@123,1
134,,,,,,,,14,IT,faculty,male,Staff@gmail.com,9999999999,FAC14,aditya@123,1
135,,,,,,,,15,IT,faculty,male,Staff@gmail.com,9999999999,FAC15,aditya@123,1
136,,,,,,,,16,IT,faculty,female,Staff@gmail.com,9999999999,FAC16,aditya@123,1
137,,,,,,,,17,IT,faculty,male,Staff@gmail.com,9999999999,FAC17,aditya@123,1
138,,,,,,,,18,IT,faculty,male,Staff@gmail.com,9999999999,FAC18,aditya@123,1
139,,,,,,,,19,IT,faculty,female,Staff@gmail.com,9999999999,FAC19,aditya@123,1
140,,,,,,,,20,IT,faculty,male,Staff@gmail.com,9999999999,FAC20,aditya@123,1
141,,,,,,,,21,IT,faculty,female,Staff@gmail.com,9999999999,FAC21,aditya@123,1
142,,,,,,,,22,IT,faculty,male,Staff@gmail.com,9999999999,FAC22,aditya@123,1
143,,,,,,,,23,IT,faculty,male,Staff@gmail.com,9999999999,FAC23,aditya@123,1
144,,,,,,,,24,IT,faculty,male,Staff@gmail.com,9999999999,FAC24,aditya@123,1
145,,,,,,,,25,IT,faculty,female,Staff@gmail.com,9999999999,FAC25,aditya@123,1
146,,,,,,,,26,IT,faculty,female,Staff@gmail.com,9999999999,FAC26,aditya@123,1
147,,,,,,,,27,CIVIL,hod,male,Staff@gmail.com,9999999999,FAC27,aditya@123,1
148,,,,,,,,28,CIVIL,faculty,male,Staff@gmail.com,9999999999,FAC28,aditya@123,1
149,,,,,,,,29,MECH,hod,male,Staff@gmail.com,9999999999,FAC29,aditya@123,1
150,,,,,,,,30,MECH,faculty,female,Staff@gmail.com,9999999999,FAC30,aditya@123,1
151,,,,,,,,31,MECH,faculty,female,Staff@gmail.com,9999999999,FAC31,aditya@123,1
152,,,,,,,,32,MECH,faculty,male,Staff@gmail.com,9999999999,FAC32,aditya@123,1
153,,,,,,,,33,ECE,hod,male,Staff@gmail.com,9999999999,FAC33,aditya@123,1
154,,,,,,,,34,ECE,faculty,male,Staff@gmail.com,9999999999,FAC34,aditya@123,1
155,,,,,,,,35,ECE,faculty,female,Staff@gmail.com,9999999999,FAC35,aditya@123,1
156,,,,,,,,36,ECE,faculty,female,Staff@gmail.com,9999999999,FAC36,aditya@123,1
157,,,,,,,,37,ECE,faculty,male,Staff@gmail.com,9999999999,FAC37,aditya@123,1
158,,,,,,,,38,ECE,faculty,female,Staff@gmail.com,9999999999,FAC38,aditya@123,1
159,,,,,,,,39,ECE,faculty,male,Staff@gmail.com,9999999999,FAC39,aditya@123,1
160,,,,,,,,40,ECE,faculty,male,Staff@gmail.com,9999999999,FAC40,aditya@123,1
161,,,,,,,,41,ECE,faculty,female,Staff@gmail.com,9999999999,FAC41,aditya@123,1
162,,,,,,,,42,ECE,faculty,male,Staff@gmail.com,9999999999,FAC42,aditya@123,1
163,,,,,,,,43,ECE,faculty,male,Staff@gmail.com,9999999999,FAC43,aditya@123,1
164,,,,,,,,44,ECE,faculty,male,Staff@gmail.com,9999999999,FAC44,aditya@123,1
165,,,,,,,,45,ECE,faculty,male,Staff@gmail.com,9999999999,FAC45,aditya@123,1
166,,,,,,,,46,ECE,faculty,male,Staff@gmail.com,9999999999,FAC46,aditya@123,1
167,,,,,,,,47,ECE,faculty,female,Staff@gmail.com,9999999999,FAC47,aditya@123,1
168,,,,,,,,48,ECE,faculty,female,Staff@gmail.com,9999999999,FAC48,aditya@123,1
169,,,,,,,,49,ECE,faculty,female,Staff@gmail.com,9999999999,FAC49,aditya@123,1
170,,,,,,,,50,ECE,faculty,female,Staff@gmail.com,9999999999,FAC50,aditya@123,1
171,,,,,,,,51,ECE,faculty,male,Staff@gmail.com,9999999999,FAC51,aditya@123,1
172,,,,,,,,52,ECE,faculty,female,Staff@gmail.com,9999999999,FAC52,aditya@123,1
173,,,,,,,,53,ECE,faculty,male,Staff@gmail.com,9999999999,FAC53,aditya@123,1
174,,,,,,,,54,ECE,faculty,female,Staff@gmail.com,9999999999,FAC54,aditya@123,1
175,,,,,,,,55,ECE,faculty,male,Staff@gmail.com,9999999999,FAC55,aditya@123,1
176,,,,,,,,56,ECE,faculty,male,Staff@gmail.com,9999999999,FAC56,aditya@123,1
177,,,,,,,,57,ECE,faculty,male,Staff@gmail.com,9999999999,FAC57,aditya@123,1
178,,,,,,,,58,ECE,faculty,female,Staff@gmail.com,9999999999,FAC58,aditya@123,1
179,,,,,,,,59,ECE,faculty,female,Staff@gmail.com,9999999999,FAC59,aditya@123,1
180,,,,,,,,60,ECE,faculty,male,Staff@gmail.com,9999999999,FAC60,aditya@123,1
181,,,,,,,,61,ECE,faculty,male,Staff@gmail.com,9999999999,FAC61,aditya@123,1
182,,,,,,,,62,ECE,faculty,male,Staff@gmail.com,9999999999,FAC62,aditya@123,1
183,,,,,,,,63,ECE,faculty,male,Staff@gmail.com,9999999999,FAC63,aditya@123,1
184,,,,,,,,64,ECE,faculty,female,Staff@gmail.com,9999999999,FAC64,aditya@123,1
185,,,,,,,,65,ECE,faculty,female,Staff@gmail.com,9999999999,FAC65,aditya@123,1
186,,,,,,,,66,ECE,faculty,female,Staff@gmail.com,9999999999,FAC66,aditya@123,1
187,,,,,,,,67,ECE,faculty,female,Staff@gmail.com,9999999999,FAC67,aditya@123,1
188,,,,,,,,68,ECE,faculty,female,Staff@gmail.com,9999999999,FAC68,aditya@123,1
189,,,,,,,,69,ECE,faculty,female,Staff@gmail.com,9999999999,FAC69,aditya@123,1
190,,,,,,,,70,ECE,faculty,male,Staff@gmail.com,9999999999,FAC70,aditya@123,1
191,,,,,,,,71,ECE,faculty,female,Staff@gmail.com,9999999999,FAC71,aditya@123,1
192,,,,,,,,72,ECE,faculty,male,Staff@gmail.com,9999999999,FAC72,aditya@123,1
193,,,,,,,,73,ECE,faculty,female,Staff@gmail.com,9999999999,FAC73,aditya@123,1
194,,,,,,,,74,ECE,faculty,male,Staff@gmail.com,9999999999,FAC74,aditya@123,1
195,,,,,,,,75,ECE,faculty,female,Staff@gmail.com,9999999999,FAC75,aditya@123,1
196,,,,,,,,76,ECE,faculty,female,Staff@gmail.com,9999999999,FAC76,aditya@123,1
197,,,,,,,,77,ECE,faculty,male,Staff@gmail.com,9999999999,FAC77,aditya@123,1
198,,,,,,,,78,ECE,faculty,female,Staff@gmail.com,9999999999,FAC78,aditya@123,1
199,,,,,,,,79,ECE,faculty,female,Staff@gmail.com,9999999999,FAC79,aditya@123,1
200,,,,,,,,80,ECE,faculty,female,Staff@gmail.com,9999999999,FAC80,aditya@123,1
201,,,,,,,,81,ECE,faculty,female,Staff@gmail.com,9999999999,FAC81,aditya@123,1
202,,,,,,,,82,ECE,faculty,male,Staff@gmail.com,9999999999,FAC82,aditya@123,1
203,,,,,,,,83,ECE,faculty,female,Staff@gmail.com,9999999999,FAC83,aditya@123,1
204,,,,,,,,84,ECE,faculty,male,Staff@gmail.com,9999999999,FAC84,aditya@123,1
205,,,,,,,,85,ECE,faculty,female,Staff@gmail.com,9999999999,FAC85,aditya@123,1
206,,,,,,,,86,ECE,faculty,male,Staff@gmail.com,9999999999,FAC86,aditya@123,1
207,,,,,,,,87,ECE,faculty,female,Staff@gmail.com,9999999999,FAC87,aditya@123,1
208,,,,,,,,88,ECE,faculty,male,Staff@gmail.com,9999999999,FAC88,aditya@123,1
209,,,,,,,,89,ECE,faculty,male,Staff@gmail.com,9999999999,FAC89,aditya@123,1
210,,,,,,,,90,ECE,faculty,male,Staff@gmail.com,9999999999,FAC90,aditya@123,1
211,,,,,,,,91,ECE,faculty,male,Staff@gmail.com,9999999999,FAC91,aditya@123,1
212,,,,,,,,92,ECE,faculty,male,Staff@gmail.com,9999999999,FAC92,aditya@123,1
213,,,,,,,,93,ECE,faculty,male,Staff@gmail.com,9999999999,FAC93,aditya@123,1
214,,,,,,,,94,ECE,faculty,male,Staff@gmail.com,9999999999,FAC94,aditya@123,1
215,,,,,,,,95,ECE,faculty,male,Staff@gmail.com,9999999999,FAC95,aditya@123,1
216,,,,,,,,96,ECE,faculty,male,Staff@gmail.com,9999999999,FAC96,aditya@123,1
217,,,,,,,,97,ECE,faculty,male,Staff@gmail.com,9999999999,FAC97,aditya@123,1
218,,,,,,,,98,ECE,faculty,male,Staff@gmail.com,9999999999,FAC98,aditya@123,1
219,,,,,,,,99,ECE,faculty,male,Staff@gmail.com,9999999999,FAC99,aditya@123,1
220,,,,,,,,100,ECE,faculty,male,Staff@gmail.com,9999999999,FAC100,aditya@123,1
221,,,,,,,,101,ECE,faculty,male,Staff@gmail.com,9999999999,FAC101,aditya@123,1
222,,,,,,,,102,ECE,faculty,male,Staff@gmail.com,9999999999,FAC102,aditya@123,1
223,,,,,,,,103,ECE,faculty,female,Staff@gmail.com,9999999999,FAC103,aditya@123,1
224,,,,,,,,104,ECE,faculty,male,Staff@gmail.com,9999999999,FAC104,aditya@123,1
225,,,,,,,,105,ECE,faculty,male,Staff@gmail.com,9999999999,FAC105,aditya@123,1
226,,,,,,,,106,ECE,faculty,male,Staff@gmail.com,9999999999,FAC106,aditya@123,1
227,,,,,,,,107,EEE,hod,male,Staff@gmail.com,9999999999,FAC107,aditya@123,1
228,,,,,,,,108,EEE,faculty,male,Staff@gmail.com,9999999999,FAC108,aditya@123,1
229,,,,,,,,109,EEE,faculty,female,Staff@gmail.com,9999999999,FAC109,aditya@123,1
230,,,,,,,,110,EEE,faculty,female,Staff@gmail.com,9999999999,FAC110,aditya@123,1
231,,,,,,,,111,EEE,faculty,male,Staff@gmail.com,9999999999,FAC111,aditya@123,1
232,,,,,,,,112,EEE,faculty,female,Staff@gmail.com,9999999999,FAC112,aditya@123,1
233,,,,,,,,113,EEE,faculty,female,Staff@gmail.com,9999999999,FAC113,aditya@123,1
234,,,,,,,,114,EEE,faculty,male,Staff@gmail.com,9999999999,FAC114,aditya@123,1
235,,,,,,,,115,EEE,faculty,male,Staff@gmail.com,9999999999,FAC115,aditya@123,1
236,,,,,,,,116,EEE,faculty,female,Staff@gmail.com,9999999999,FAC116,aditya@123,1
237,,,,,,,,117,EEE,faculty,male,Staff@gmail.com,9999999999,FAC117,aditya@123,1
238,,,,,,,,118,EEE,faculty,male,Staff@gmail.com,9999999999,FAC118,aditya@123,1
239,,,,,,,,119,EEE,faculty,male,Staff@gmail.com,9999999999,FAC119,aditya@123,1
240,,,,,,,,120,EEE,faculty,male,Staff@gmail.com,9999999999,FAC120,aditya@123,1
241,,,,,,,,121,EEE,faculty,male,Staff@gmail.com,9999999999,FAC121,aditya@123,1
242,,,,,,,,122,EEE,faculty,male,Staff@gmail.com,9999999999,FAC122,aditya@123,1
243,,,,,,,,123,EEE,faculty,female,Staff@gmail.com,9999999999,FAC123,aditya@123,1
244,,,,,,,,124,EEE,faculty,male,Staff@gmail.com,9999999999,FAC124,aditya@123,1
245,,,,,,,,125,EEE,faculty,female,Staff@gmail.com,9999999999,FAC125,aditya@123,1
246,,,,,,,,126,EEE,principal,male,Staff@gmail.com,9999999999,FAC126,aditya@123,1
,,,,,,,,,,,,,,,,
,,,,,,,,,,,,,,,,
,,,,,,,,,,,,,,,,
,,,,,,,,,,,,,,,,
,,,,,,,,,,,,,,,,
,,,,,,,,,,,,,,,,
,,,,,,,,,,,,,,,,
,,,,,,,,,,,,,,,,
,,,,,,,,,,,,,,,,
,,,,,,,,,,,,,,,,
,,,,,,,,,,,,,,,,
,,,,,,,,,,,,,,,,
,,,,,,,,,,,,,,,,
,,,,,,,,,,,,,,,,
,,,,,,,,,,,,,,,,
,,,,,,,,,,,,,,,,
,,,,,,,,,,,,,,,,
,,,,,,,,,,,,,,,,
,,,,,,,,,,,,,,,,
,,,,,,,,,,,,,,,,
,,,,,,,,,,,,,,,,
,,,,,,,,,,,,,,,,
,,,,,,,,,,,,,,,,
,,,,,,,,,,,,,,,,
,,,,,,,,,,,,,,,,
,,,,,,,,,,,,,,,,
,,,,,,,,,,,,,,,,
,,,,,,,,,,,,,,,,
,,,,,,,,,,,,,,,,
,,,,,,,,,,,,,,,,
,,,,,,,,,,,,,,,,
,,,,,,,,,,,,,,,,
,,,,,,,,,,,,,,,,
,,,,,,,,,,,,,,,,
,,,,,,,,,,,,,,,,
,,,,,,,,,,,,,,,,
,,,,,,,,,,,,,,,,
,,,,,,,,,,,,,,,,
,,,,,,,,,,,,,,,,
,,,,,,,,,,,,,,,,
,,,,,,,,,,,,,,,,
,,,,,,,,,,,,,,,,
,,,,,,,,,,,,,,,,
,,,,,,,,,,,,,,,,
,,,,,,,,,,,,,,,,
,,,,,,,,,,,,,,,,
,,,,,,,,,,,,,,,,
,,,,,,,,,,,,,,,,
,,,,,,,,,,,,,,,,
,,,,,,,,,,,,,,,,
,,,,,,,,,,,,,,,,
,,,,,,,,,,,,,,,,
,,,,,,,,,,,,,,,,
,,,,,,,,,,,,,,,,
,,,,,,,,,,,,,,,,
,,,,,,,,,,,,,,,,
,,,,,,,,,,,,,,,,
,,,,,,,,,,,,,,,,
,,,,,,,,,,,,,,,,
,,,,,,,,,,,,,,,,
,,,,,,,,,,,,,,,,
,,,,,,,,,,,,,,,,
,,,,,,,,,,,,,,,,
,,,,,,,,,,,,,,,,
,,,,,,,,,,,,,,,,
,,,,,,,,,,,,,,,,
,,,,,,,,,,,,,,,,
,,,,,,,,,,,,,,,,
,,,,,,,,,,,,,,,,
,,,,,,,,,,,,,,,,
,,,,,,,,,,,,,,,,
,,,,,,,,,,,,,,,,
,,,,,,,,,,,,,,,,
,,,,,,,,,,,,,,,,
,,,,,,,,,,,,,,,,
,,,,,,,,,,,,,,,,
,,,,,,,,,,,,,,,,
,,,,,,,,,,,,,,,,
,,,,,,,,,,,,,,,,
,,,,,,,,,,,,,,,,
,,,,,,,,,,,,,,,,
,,,,,,,,,,,,,,,,
,,,,,,,,,,,,,,,,
,,,,,,,,,,,,,,,,
,,,,,,,,,,,,,,,,
,,,,,,,,,,,,,,,,
,,,,,,,,,,,,,,,,
,,,,,,,,,,,,,,,,
,,,,,,,,,,,,,,,,
,,,,,,,,,,,,,,,,
,,,,,,,,,,,,,,,,
,,,,,,,,,,,,,,,,
,,,,,,,,,,,,,,,,
,,,,,,,,,,,,,,,,
,,,,,,,,,,,,,,,,
,,,,,,,,,,,,,,,,
,,,,,,,,,,,,,,,,
,,,,,,,,,,,,,,,,
,,,,,,,,,,,,,,,,
,,,,,,,,,,,,,,,,
,,,,,,,,,,,,,,,,
,,,,,,,,,,,,,,,,
,,,,,,,,,,,,,,,,
,,,,,,,,,,,,,,,,
,,,,,,,,,,,,,,,,
,,,,,,,,,,,,,,,,
,,,,,,,,,,,,,,,,
,,,,,,,,,,,,,,,,
,,,,,,,,,,,,,,,,
,,,,,,,,,,,,,,,,
,,,,,,,,,,,,,,,,
,,,,,,,,,,,,,,,,
,,,,,,,,,,,,,,,,
,,,,,,,,,,,,,,,,
,,,,,,,,,,,,,,,,
,,,,,,,,,,,,,,,,
,,,,,,,,,,,,,,,,
,,,,,,,,,,,,,,,,
,,,,,,,,,,,,,,,,
,,,,,,,,,,,,,,,,
,,,,,,,,,,,,,,,,
,,,,,,,,,,,,,,,,
,,,,,,,,,,,,,,,,
,,,,,,,,,,,,,,,,
,,,,,,,,,,,,,,,,
,,,,,,,,,,,,,,,,
,,,,,,,,,,,,,,,,
,,,,,,,,,,,,,,,,
,,,,,,,,,,,,,,,,
,,,,,,,,,,,,,,,,
,,,,,,,,,,,,,,,,
,,,,,,,,,,,,,,,,
,,,,,,,,,,,,,,,,
,,,,,,,,,,,,,,,,
,,,,,,,,,,,,,,,,
,,,,,,,,,,,,,,,,
,,,,,,,,,,,,,,,,
,,,,,,,,,,,,,,,,
,,,,,,,,,,,,,,,,
,,,,,,,,,,,,,,,,
,,,,,,,,,,,,,,,,
,,,,,,,,,,,,,,,,
,,,,,,,,,,,,,,,,
,,,,,,,,,,,,,,,,
,,,,,,,,,,,,,,,,
,,,,,,,,,,,,,,,,
,,,,,,,,,,,,,,,,
,,,,,,,,,,,,,,,,
,,,,,,,,,,,,,,,,
,,,,,,,,,,,,,,,,
,,,,,,,,,,,,,,,,
,,,,,,,,,,,,,,,,
,,,,,,,,,,,,,,,,
,,,,,,,,,,,,,,,,
,,,,,,,,,,,,,,,,
,,,,,,,,,,,,,,,,
,,,,,,,,,,,,,,,,
,,,,,,,,,,,,,,,,
,,,,,,,,,,,,,,,,
,,,,,,,,,,,,,,,,
,,,,,,,,,,,,,,,,
,,,,,,,,,,,,,,,,
,,,,,,,,,,,,,,,,
,,,,,,,,,,,,,,,,
,,,,,,,,,,,,,,,,
,,,,,,,,,,,,,,,,
,,,,,,,,,,,,,,,,
,,,,,,,,,,,,,,,,
,,,,,,,,,,,,,,,,
,,,,,,,,,,,,,,,,
,,,,,,,,,,,,,,,,
,,,,,,,,,,,,,,,,
,,,,,,,,,,,,,,,,
,,,,,,,,,,,,,,,,
,,,,,,,,,,,,,,,,
,,,,,,,,,,,,,,,,
,,,,,,,,,,,,,,,,
,,,,,,,,,,,,,,,,
,,,,,,,,,,,,,,,,
,,,,,,,,,,,,,,,,
,,,,,,,,,,,,,,,,
,,,,,,,,,,,,,,,,
,,,,,,,,,,,,,,,,
,,,,,,,,,,,,,,,,
,,,,,,,,,,,,,,,,
,,,,,,,,,,,,,,,,
,,,,,,,,,,,,,,,,
,,,,,,,,,,,,,,,,
,,,,,,,,,,,,,,,,
,,,,,,,,,,,,,,,,
,,,,,,,,,,,,,,,,
,,,,,,,,,,,,,,,,
,,,,,,,,,,,,,,,,
,,,,,,,,,,,,,,,,
,,,,,,,,,,,,,,,,
,,,,,,,,,,,,,,,,
,,,,,,,,,,,,,,,,
,,,,,,,,,,,,,,,,
,,,,,,,,,,,,,,,,
,,,,,,,,,,,,,,,,
,,,,,,,,,,,,,,,,
,,,,,,,,,,,,,,,,
,,,,,,,,,,,,,,,,
,,,,,,,,,,,,,,,,
,,,,,,,,,,,,,,,,
,,,,,,,,,,,,,,,,
,,,,,,,,,,,,,,,,
,,,,,,,,,,,,,,,,
,,,,,,,,,,,,,,,,
,,,,,,,,,,,,,,,,
,,,,,,,,,,,,,,,,
,,,,,,,,,,,,,,,,
,,,,,,,,,,,,,,,,
,,,,,,,,,,,,,,,,
,,,,,,,,,,,,,,,,
,,,,,,,,,,,,,,,,
,,,,,,,,,,,,,,,,
,,,,,,,,,,,,,,,,
,,,,,,,,,,,,,,,,
,,,,,,,,,,,,,,,,
,,,,,,,,,,,,,,,,
,,,,,,,,,,,,,,,,
,,,,,,,,,,,,,,,,
,,,,,,,,,,,,,,,,
,,,,,,,,,,,,,,,,
,,,,,,,,,,,,,,,,
,,,,,,,,,,,,,,,,
,,,,,,,,,,,,,,,,
,,,,,,,,,,,,,,,,
,,,,,,,,,,,,,,,,
